file_name,VUS-PR,VUS-ROC
001_NAB_id_1_Facility_tr_1007_1st_2014.csv,0.13512,0.53628
002_NAB_id_2_WebService_tr_1500_1st_4106.csv,0.14042,0.49765
005_NAB_id_5_Traffic_tr_594_1st_1645.csv,0.09852,0.41132
006_NAB_id_6_Traffic_tr_2579_1st_5839.csv,0.18842,0.63535
008_NAB_id_8_Synthetic_tr_1007_1st_2734.csv,0.32935,0.78989
009_NAB_id_9_Traffic_tr_500_1st_438.csv,0.24489,0.66979
010_NAB_id_10_WebService_tr_500_1st_271.csv,0.35420,0.66371
011_NAB_id_11_Facility_tr_1007_1st_1526.csv,0.32232,0.66977
013_NAB_id_13_Traffic_tr_623_1st_2084.csv,0.32773,0.79083
014_NAB_id_14_WebService_tr_500_1st_1045.csv,0.08239,0.32379
015_NAB_id_15_Synthetic_tr_1007_1st_2787.csv,0.13933,0.49111
016_NAB_id_16_Environment_tr_1816_1st_3540.csv,0.13038,0.53870
017_NAB_id_17_Synthetic_tr_1007_1st_1805.csv,0.12819,0.55795
018_NAB_id_18_Facility_tr_500_1st_669.csv,0.16003,0.54176
019_NAB_id_19_Facility_tr_1007_1st_1171.csv,0.12076,0.52473
020_NAB_id_20_Synthetic_tr_1007_1st_2679.csv,0.15393,0.43540
022_NAB_id_22_Facility_tr_1007_1st_2980.csv,0.45848,0.81782
023_NAB_id_23_Facility_tr_4512_1st_16551.csv,0.23673,0.74395
024_NAB_id_24_Synthetic_tr_1007_1st_2787.csv,0.24185,0.58411
025_NAB_id_25_WebService_tr_3958_1st_4614.csv,0.10700,0.51712
026_NAB_id_26_Traffic_tr_624_1st_2261.csv,0.12386,0.51797
027_NAB_id_27_Facility_tr_757_1st_2582.csv,0.11835,0.61490
028_NAB_id_28_Facility_tr_1007_1st_3447.csv,0.17025,0.52499
032_WSD_id_4_WebService_tr_4559_1st_11822.csv,0.06811,0.86994
039_WSD_id_11_WebService_tr_1746_1st_1846.csv,0.34351,0.94405
040_WSD_id_12_WebService_tr_4559_1st_9714.csv,0.01258,0.86560
043_WSD_id_15_WebService_tr_4521_1st_6828.csv,0.11792,0.98423
049_WSD_id_21_WebService_tr_4297_1st_7097.csv,0.14694,0.82933
054_WSD_id_26_WebService_tr_2409_1st_2509.csv,0.11440,0.91883
058_WSD_id_30_WebService_tr_1136_1st_1236.csv,0.16700,0.96073
060_WSD_id_32_WebService_tr_4576_1st_4766.csv,0.13515,0.83644
068_WSD_id_40_WebService_tr_4549_1st_13322.csv,0.03384,0.75735
074_WSD_id_46_WebService_tr_990_1st_1090.csv,0.72676,0.97128
089_WSD_id_61_WebService_tr_1010_1st_1110.csv,0.94936,0.99812
094_WSD_id_66_WebService_tr_3309_1st_3914.csv,0.14248,0.93861
099_WSD_id_71_WebService_tr_4559_1st_14411.csv,0.04712,0.82786
106_WSD_id_78_WebService_tr_3363_1st_3463.csv,0.08611,0.82068
113_WSD_id_85_WebService_tr_500_1st_335.csv,0.17186,0.90178
117_WSD_id_89_WebService_tr_3251_1st_3351.csv,0.34376,0.92944
125_WSD_id_97_WebService_tr_2217_1st_2317.csv,0.15402,0.81226
130_WSD_id_102_WebService_tr_2362_1st_2462.csv,0.15973,0.78366
137_WSD_id_109_WebService_tr_4559_1st_14404.csv,0.02653,0.76122
139_WSD_id_111_WebService_tr_1701_1st_1801.csv,0.59665,0.98860
140_MSL_id_1_Sensor_tr_530_1st_630.csv,0.20235,0.73057
141_MSL_id_2_Sensor_tr_500_1st_550.csv,0.41655,0.77377
143_MSL_id_4_Sensor_tr_980_1st_3550.csv,0.49857,0.95201
144_MSL_id_5_Sensor_tr_1525_1st_4590.csv,0.04030,0.67213
145_MSL_id_6_Sensor_tr_530_1st_630.csv,0.29224,0.88778
147_MSL_id_8_Sensor_tr_590_1st_690.csv,0.30291,0.81414
148_MSL_id_9_Sensor_tr_883_1st_1238.csv,0.23970,0.82345
149_Stock_id_1_Finance_tr_500_1st_7.csv,0.98998,0.99924
151_Stock_id_3_Finance_tr_500_1st_62.csv,0.98937,0.99941
155_Stock_id_7_Finance_tr_500_1st_18.csv,0.99514,0.99962
156_Stock_id_8_Finance_tr_500_1st_24.csv,0.92592,0.99542
160_Stock_id_12_Finance_tr_500_1st_14.csv,0.97617,0.99825
162_Stock_id_14_Finance_tr_500_1st_4.csv,0.99754,0.99934
165_Stock_id_17_Finance_tr_500_1st_7.csv,0.99857,0.99957
166_Stock_id_18_Finance_tr_500_1st_18.csv,0.99209,0.99580
169_Daphnet_id_1_HumanActivity_tr_9693_1st_20732.csv,0.39590,0.93569
170_MITDB_id_1_Medical_tr_17675_1st_17775.csv,0.06566,0.61404
171_MITDB_id_2_Medical_tr_50000_1st_88864.csv,0.06403,0.70150
172_MITDB_id_3_Medical_tr_27274_1st_27374.csv,0.02932,0.51465
173_MITDB_id_4_Medical_tr_13620_1st_13720.csv,0.13175,0.58951
175_MITDB_id_6_Medical_tr_27274_1st_27374.csv,0.03477,0.57580
176_MITDB_id_7_Medical_tr_6232_1st_6332.csv,0.09043,0.63719
177_MITDB_id_8_Medical_tr_17675_1st_17775.csv,0.06891,0.66264
178_SMD_id_1_Facility_tr_6000_1st_10609.csv,0.07229,0.64489
179_SMD_id_2_Facility_tr_5925_1st_17580.csv,0.18748,0.89897
180_SMD_id_3_Facility_tr_5925_1st_17580.csv,0.77673,0.98018
181_SMD_id_4_Facility_tr_5000_1st_15144.csv,0.47646,0.92764
183_SMD_id_6_Facility_tr_5925_1st_17580.csv,0.75346,0.99122
184_SMD_id_7_Facility_tr_7119_1st_15849.csv,0.43011,0.76463
185_SMD_id_8_Facility_tr_5000_1st_15144.csv,0.32738,0.85351
187_SMD_id_10_Facility_tr_5000_1st_15849.csv,0.21893,0.60768
188_SMD_id_11_Facility_tr_500_1st_392.csv,0.26415,0.76856
189_SMD_id_12_Facility_tr_5925_1st_17580.csv,0.36191,0.88604
190_SMD_id_13_Facility_tr_7119_1st_15849.csv,0.40140,0.77983
191_SMD_id_14_Facility_tr_4596_1st_4696.csv,0.54666,0.94344
192_SMD_id_15_Facility_tr_5925_1st_17580.csv,0.79467,0.97242
194_SMD_id_17_Facility_tr_5925_1st_17580.csv,0.36103,0.95864
195_SMD_id_18_Facility_tr_5925_1st_17580.csv,0.77862,0.99016
196_SMD_id_19_Facility_tr_7174_1st_21230.csv,0.10255,0.74183
197_SMD_id_20_Facility_tr_5000_1st_15144.csv,0.48244,0.93055
198_SMD_id_21_Facility_tr_5925_1st_17580.csv,0.47193,0.98381
199_SMD_id_22_Facility_tr_5925_1st_17580.csv,0.29859,0.87434
201_SMD_id_24_Facility_tr_7174_1st_21230.csv,0.10427,0.75600
202_SMD_id_25_Facility_tr_6250_1st_21230.csv,0.04734,0.67186
203_SMD_id_26_Facility_tr_7174_1st_21230.csv,0.20666,0.82442
204_SMD_id_27_Facility_tr_5000_1st_15144.csv,0.27018,0.86783
205_SMD_id_28_Facility_tr_5925_1st_17580.csv,0.77092,0.99342
206_SMD_id_29_Facility_tr_6250_1st_21230.csv,0.04046,0.66958
207_SMD_id_30_Facility_tr_7174_1st_21230.csv,0.29324,0.81613
208_SMD_id_31_Facility_tr_5000_1st_15144.csv,0.36731,0.85586
209_SMD_id_32_Facility_tr_5925_1st_17580.csv,0.13440,0.81687
211_SMD_id_34_Facility_tr_5925_1st_17580.csv,0.56642,0.95272
212_SMD_id_35_Facility_tr_5925_1st_17580.csv,0.71404,0.98342
213_SMD_id_36_Facility_tr_5925_1st_17580.csv,0.74649,0.99150
214_SMD_id_37_Facility_tr_5925_1st_17580.csv,0.18737,0.89873
215_SMD_id_38_Facility_tr_5925_1st_17580.csv,0.61691,0.96459
216_LTDB_id_1_Medical_tr_500_1st_266.csv,0.19752,0.60750
218_LTDB_id_3_Medical_tr_500_1st_266.csv,0.19021,0.60074
219_LTDB_id_4_Medical_tr_3618_1st_3718.csv,0.25975,0.70154
220_LTDB_id_5_Medical_tr_500_1st_26.csv,0.41112,0.60712
221_LTDB_id_6_Medical_tr_500_1st_26.csv,0.41287,0.61639
222_LTDB_id_7_Medical_tr_3618_1st_3718.csv,0.29309,0.72909
223_LTDB_id_8_Medical_tr_4456_1st_4556.csv,0.21650,0.60716
224_LTDB_id_9_Medical_tr_4456_1st_4556.csv,0.22476,0.63031
225_MGAB_id_1_Synthetic_tr_25000_1st_38478.csv,0.00564,0.72810
226_MGAB_id_2_Synthetic_tr_20000_1st_45134.csv,0.00441,0.66298
227_MGAB_id_3_Synthetic_tr_25000_1st_44340.csv,0.00385,0.67072
228_MGAB_id_4_Synthetic_tr_25000_1st_38948.csv,0.00515,0.70066
229_MGAB_id_5_Synthetic_tr_25000_1st_33098.csv,0.00583,0.72391
231_MGAB_id_7_Synthetic_tr_25000_1st_35544.csv,0.00318,0.61762
232_MGAB_id_8_Synthetic_tr_25000_1st_32708.csv,0.00548,0.72496
233_MGAB_id_9_Synthetic_tr_25000_1st_41300.csv,0.00521,0.74221
234_SED_id_1_Medical_tr_3740_1st_3840.csv,0.07135,0.60252
236_SED_id_3_Medical_tr_3740_1st_3840.csv,0.05379,0.59750
237_SVDB_id_1_Medical_tr_11587_1st_11687.csv,0.10870,0.60502
238_SVDB_id_2_Medical_tr_25000_1st_71963.csv,0.01069,0.59005
239_SVDB_id_3_Medical_tr_50000_1st_106634.csv,0.03070,0.69104
240_SVDB_id_4_Medical_tr_18462_1st_18562.csv,0.10687,0.72965
241_SVDB_id_5_Medical_tr_11587_1st_11687.csv,0.11397,0.63424
243_SVDB_id_7_Medical_tr_11393_1st_11493.csv,0.04213,0.60709
244_SVDB_id_8_Medical_tr_17803_1st_17903.csv,0.04363,0.63215
245_SVDB_id_9_Medical_tr_12607_1st_12707.csv,0.15827,0.70352
246_SVDB_id_10_Medical_tr_20100_1st_68460.csv,0.01299,0.69106
247_SVDB_id_11_Medical_tr_20100_1st_23611.csv,0.01913,0.64035
248_SVDB_id_12_Medical_tr_18462_1st_18562.csv,0.09677,0.70294
249_SVDB_id_13_Medical_tr_50000_1st_54982.csv,0.05817,0.64532
250_SVDB_id_14_Medical_tr_50000_1st_107354.csv,0.04421,0.64742
251_SVDB_id_15_Medical_tr_5421_1st_5521.csv,0.09069,0.64015
253_SVDB_id_17_Medical_tr_17803_1st_17903.csv,0.04215,0.60236
254_SVDB_id_18_Medical_tr_30824_1st_30924.csv,0.05817,0.66542
255_SVDB_id_19_Medical_tr_50000_1st_54982.csv,0.05633,0.63072
256_SVDB_id_20_Medical_tr_6264_1st_6364.csv,0.04154,0.57053
257_TAO_id_1_Environment_tr_500_1st_3.csv,0.99737,0.99968
258_TAO_id_2_Environment_tr_500_1st_4.csv,0.99851,0.99958
260_IOPS_id_1_WebService_tr_5000_1st_11804.csv,0.12410,0.88640
261_IOPS_id_2_WebService_tr_2178_1st_2278.csv,0.18691,0.99296
262_IOPS_id_3_WebService_tr_7028_1st_7128.csv,0.17857,0.79649
263_IOPS_id_4_WebService_tr_3482_1st_3582.csv,0.32855,0.96936
264_IOPS_id_5_WebService_tr_11665_1st_11765.csv,0.05864,0.63379
266_IOPS_id_7_WebService_tr_4010_1st_4110.csv,0.06280,0.57007
267_IOPS_id_8_WebService_tr_1534_1st_1882.csv,0.15133,0.92545
268_IOPS_id_9_WebService_tr_6216_1st_6316.csv,0.18312,0.69970
269_IOPS_id_10_WebService_tr_1216_1st_1728.csv,0.09048,0.83737
271_IOPS_id_12_WebService_tr_500_1st_341.csv,0.36922,0.88955
272_IOPS_id_13_WebService_tr_3442_1st_3542.csv,0.43469,0.98417
273_IOPS_id_14_WebService_tr_5569_1st_5669.csv,0.12853,0.91167
274_IOPS_id_15_WebService_tr_4591_1st_4691.csv,0.22899,0.79151
275_IOPS_id_16_WebService_tr_1482_1st_1582.csv,0.13414,0.91956
276_IOPS_id_17_WebService_tr_19197_1st_19297.csv,0.20186,0.69837
277_NEK_id_1_WebService_tr_500_1st_17.csv,0.25286,0.70374
278_NEK_id_2_WebService_tr_500_1st_64.csv,0.14875,0.58936
279_NEK_id_3_WebService_tr_500_1st_974.csv,0.37604,0.67335
281_NEK_id_5_WebService_tr_500_1st_974.csv,0.32938,0.80918
282_NEK_id_6_WebService_tr_500_1st_64.csv,0.19446,0.53118
283_NEK_id_7_WebService_tr_500_1st_777.csv,0.42368,0.83270
284_NEK_id_8_WebService_tr_500_1st_976.csv,0.31247,0.78877
285_NEK_id_9_WebService_tr_500_1st_780.csv,0.43504,0.85747
286_CATSv2_id_1_Sensor_tr_17792_1st_17892.csv,0.23547,0.65319
287_TODS_id_1_Synthetic_tr_500_1st_11.csv,0.89716,0.98690
288_TODS_id_2_Synthetic_tr_500_1st_65.csv,0.80887,0.92741
289_TODS_id_3_Synthetic_tr_500_1st_26.csv,0.88961,0.94532
290_TODS_id_4_Synthetic_tr_500_1st_26.csv,0.71440,0.88004
292_TODS_id_6_Synthetic_tr_500_1st_11.csv,0.89587,0.98541
293_TODS_id_7_Synthetic_tr_500_1st_7.csv,0.52658,0.86983
294_TODS_id_8_Synthetic_tr_500_1st_200.csv,0.29607,0.66152
295_TODS_id_9_Synthetic_tr_1250_1st_2046.csv,0.34848,0.76244
296_TODS_id_10_Synthetic_tr_500_1st_26.csv,0.92810,0.96032
297_TODS_id_11_Synthetic_tr_500_1st_7.csv,0.67752,0.93485
298_TODS_id_12_Synthetic_tr_500_1st_0.csv,0.72111,0.91276
299_TODS_id_13_Synthetic_tr_500_1st_65.csv,0.87391,0.97954
301_TODS_id_15_Synthetic_tr_500_1st_245.csv,0.23059,0.67386
302_Power_id_1_Facility_tr_7685_1st_7785.csv,0.08231,0.48509
304_UCR_id_2_Medical_tr_2499_1st_7000.csv,0.00967,0.61907
307_UCR_id_5_Facility_tr_29895_1st_39240.csv,0.00096,0.55651
309_UCR_id_7_Medical_tr_3000_1st_5948.csv,0.03295,0.72292
310_UCR_id_8_HumanActivity_tr_2631_1st_8285.csv,0.00481,0.59101
311_UCR_id_9_HumanActivity_tr_16000_1st_38400.csv,0.01856,0.55811
313_UCR_id_11_Sensor_tr_2827_1st_4711.csv,0.03373,0.70978
315_UCR_id_13_HumanActivity_tr_16000_1st_33070.csv,0.00924,0.73737
316_UCR_id_14_Sensor_tr_2833_1st_5988.csv,0.03587,0.65656
319_UCR_id_17_Environment_tr_6166_1st_19280.csv,0.01396,0.70630
326_UCR_id_24_Medical_tr_1875_1st_4187.csv,0.33104,0.98672
331_UCR_id_29_Facility_tr_50000_1st_837400.csv,0.00208,0.53921
332_UCR_id_30_Facility_tr_13750_1st_52600.csv,0.00601,0.63128
334_UCR_id_32_HumanActivity_tr_1671_1st_2764.csv,0.02517,0.27905
339_UCR_id_37_Sensor_tr_2750_1st_5400.csv,0.02345,0.50264
341_UCR_id_39_HumanActivity_tr_48812_1st_128430.csv,0.00015,0.92776
344_UCR_id_42_Sensor_tr_2851_1st_5365.csv,0.01049,0.86775
346_UCR_id_44_Medical_tr_7456_1st_17390.csv,0.00505,0.55463
349_UCR_id_47_Facility_tr_29954_1st_74900.csv,0.00103,0.57141
355_UCR_id_53_HumanActivity_tr_48750_1st_143411.csv,0.05207,0.88915
358_UCR_id_56_Facility_tr_10500_1st_29080.csv,0.00187,0.56555
361_UCR_id_59_Medical_tr_3000_1st_7175.csv,0.02499,0.60322
364_UCR_id_62_Sensor_tr_2833_1st_5988.csv,0.04397,0.56664
369_UCR_id_67_Sensor_tr_2750_1st_5400.csv,0.02688,0.57148
371_UCR_id_69_Medical_tr_1853_1st_6200.csv,0.11524,0.79528
373_UCR_id_71_Sensor_tr_2827_1st_5988.csv,0.02267,0.70763
381_UCR_id_79_HumanActivity_tr_16000_1st_31200.csv,0.01240,0.55486
382_UCR_id_80_Medical_tr_7500_1st_11800.csv,0.02181,0.61544
385_UCR_id_83_Environment_tr_2046_1st_6006.csv,0.04373,0.74615
387_UCR_id_85_Environment_tr_2046_1st_5549.csv,0.18369,0.81063
391_UCR_id_89_Medical_tr_1875_1st_5759.csv,0.04807,0.69004
393_UCR_id_91_Environment_tr_2046_1st_4852.csv,0.05161,0.73822
396_UCR_id_94_Medical_tr_1875_1st_5607.csv,0.08715,0.83225
400_UCR_id_98_Environment_tr_2046_1st_5391.csv,0.55426,0.99120
401_UCR_id_99_HumanActivity_tr_1671_1st_5920.csv,0.04554,0.72736
405_UCR_id_103_Sensor_tr_2827_1st_5988.csv,0.02163,0.72109
406_UCR_id_104_Facility_tr_20000_1st_67950.csv,0.00586,0.65808
411_UCR_id_109_Environment_tr_2046_1st_4852.csv,0.05403,0.74640
415_UCR_id_113_Medical_tr_3000_1st_8612.csv,0.03547,0.73321
417_UCR_id_115_Sensor_tr_2750_1st_5400.csv,0.02413,0.56481
419_UCR_id_117_Facility_tr_3000_1st_6168.csv,0.00891,0.59450
420_UCR_id_118_Facility_tr_13750_1st_52600.csv,0.01523,0.85115
421_UCR_id_119_HumanActivity_tr_48750_1st_130700.csv,0.00986,0.54578
426_UCR_id_124_Sensor_tr_2827_1st_4711.csv,0.02172,0.69252
430_UCR_id_128_HumanActivity_tr_12500_1st_46500.csv,0.00647,0.48983
432_UCR_id_130_Facility_tr_23000_1st_26970.csv,0.00610,0.68292
436_UCR_id_134_Medical_tr_1875_1st_4526.csv,0.01926,0.69646
437_UCR_id_135_Medical_tr_2499_1st_8000.csv,0.00295,0.51450
439_UCR_id_137_HumanActivity_tr_48750_1st_110800.csv,0.63724,0.99929
445_UCR_id_143_Environment_tr_6166_1st_19280.csv,0.01371,0.68053
449_UCR_id_147_Sensor_tr_2847_1st_9330.csv,0.10805,0.93834
452_UCR_id_150_Facility_tr_10000_1st_35774.csv,0.00698,0.71187
459_UCR_id_157_HumanActivity_tr_50000_1st_110260.csv,0.00065,0.38248
463_UCR_id_161_Environment_tr_2046_1st_6006.csv,0.05397,0.77748
467_UCR_id_165_Environment_tr_6166_1st_19280.csv,0.01129,0.62233
471_UCR_id_169_Facility_tr_10000_1st_35774.csv,0.00360,0.57861
473_UCR_id_171_HumanActivity_tr_2617_1st_7290.csv,0.00773,0.91547
474_UCR_id_172_Environment_tr_2046_1st_6520.csv,0.06164,0.91516
493_UCR_id_191_Sensor_tr_2847_1st_9330.csv,0.11003,0.94457
494_UCR_id_192_Facility_tr_22500_1st_72150.csv,0.00863,0.71227
495_UCR_id_193_Environment_tr_2046_1st_6520.csv,0.07828,0.92338
496_UCR_id_194_Environment_tr_2046_1st_5391.csv,0.57185,0.99920
499_UCR_id_197_Environment_tr_2046_1st_5703.csv,0.03721,0.81935
500_UCR_id_198_Facility_tr_7482_1st_23357.csv,0.01354,0.49621
504_UCR_id_202_Environment_tr_2046_1st_5549.csv,0.16933,0.78882
506_UCR_id_204_Environment_tr_2046_1st_5549.csv,0.15093,0.80391
516_UCR_id_214_HumanActivity_tr_2108_1st_4702.csv,0.00161,0.74769
517_UCR_id_215_Facility_tr_7482_1st_24005.csv,0.04283,0.85276
525_UCR_id_223_Facility_tr_50000_1st_250720.csv,0.00337,0.62176
526_UCR_id_224_Sensor_tr_2827_1st_4711.csv,0.02985,0.66965
530_UCR_id_228_HumanActivity_tr_16250_1st_38500.csv,0.00501,0.51989
531_SMAP_id_1_Sensor_tr_1811_1st_4510.csv,0.18755,0.77528
532_SMAP_id_2_Sensor_tr_2075_1st_5550.csv,0.10840,0.67392
533_SMAP_id_3_Sensor_tr_2052_1st_5300.csv,0.95679,0.97980
534_SMAP_id_4_Sensor_tr_1968_1st_4370.csv,0.23629,0.93366
536_SMAP_id_6_Sensor_tr_2160_1st_5600.csv,0.57861,0.88939
537_SMAP_id_7_Sensor_tr_2077_1st_5394.csv,0.27041,0.75642
538_SMAP_id_8_Sensor_tr_2007_1st_3650.csv,0.24500,0.81679
539_SMAP_id_9_Sensor_tr_1857_1st_4270.csv,0.66919,0.88575
540_SMAP_id_10_Sensor_tr_2051_1st_4575.csv,0.05075,0.58674
541_SMAP_id_11_Sensor_tr_1832_1st_5300.csv,0.11539,0.40821
542_SMAP_id_12_Sensor_tr_1908_1st_4690.csv,0.12282,0.81563
544_SMAP_id_14_Sensor_tr_1978_1st_4450.csv,0.02295,0.43773
545_SMAP_id_15_Sensor_tr_1173_1st_2750.csv,0.77940,0.98624
546_SMAP_id_16_Sensor_tr_2117_1st_4770.csv,0.02080,0.62138
547_SMAP_id_17_Sensor_tr_2133_1st_5400.csv,0.10898,0.61079
548_SMAP_id_18_Sensor_tr_2094_1st_5600.csv,0.06998,0.54604
549_SMAP_id_19_Sensor_tr_1998_1st_2098.csv,0.17073,0.77090
550_SWaT_id_1_Sensor_tr_43700_1st_43800.csv,0.10150,0.25608
551_YAHOO_id_1_Synthetic_tr_500_1st_893.csv,1.00000,1.00000
552_YAHOO_id_2_Synthetic_tr_500_1st_893.csv,1.00000,1.00000
555_YAHOO_id_5_WebService_tr_500_1st_730.csv,0.94406,0.99988
558_YAHOO_id_8_WebService_tr_500_1st_1125.csv,0.04321,0.26508
562_YAHOO_id_12_Synthetic_tr_500_1st_893.csv,1.00000,1.00000
570_YAHOO_id_20_Synthetic_tr_500_1st_658.csv,0.98148,0.99995
571_YAHOO_id_21_Synthetic_tr_500_1st_623.csv,0.92680,0.99966
579_YAHOO_id_29_WebService_tr_500_1st_1342.csv,1.00000,1.00000
603_YAHOO_id_53_Synthetic_tr_500_1st_893.csv,1.00000,1.00000
644_YAHOO_id_94_WebService_tr_500_1st_1078.csv,0.04405,0.33953
645_YAHOO_id_95_WebService_tr_500_1st_1047.csv,1.00000,1.00000
649_YAHOO_id_99_WebService_tr_500_1st_1386.csv,1.00000,1.00000
657_YAHOO_id_107_WebService_tr_500_1st_1260.csv,1.00000,1.00000
658_YAHOO_id_108_Synthetic_tr_500_1st_893.csv,1.00000,1.00000
672_YAHOO_id_122_WebService_tr_500_1st_857.csv,1.00000,1.00000
680_YAHOO_id_130_Synthetic_tr_500_1st_893.csv,1.00000,1.00000
689_YAHOO_id_139_WebService_tr_500_1st_1073.csv,1.00000,1.00000
693_YAHOO_id_143_WebService_tr_500_1st_1003.csv,0.50000,0.99895
701_YAHOO_id_151_Synthetic_tr_500_1st_893.csv,1.00000,1.00000
723_YAHOO_id_173_WebService_tr_500_1st_1214.csv,0.68689,0.99934
724_YAHOO_id_174_WebService_tr_500_1st_1030.csv,0.72571,0.99943
734_YAHOO_id_184_WebService_tr_500_1st_768.csv,0.76203,0.90196
741_YAHOO_id_191_WebService_tr_500_1st_1114.csv,0.64874,0.99927
755_YAHOO_id_205_Synthetic_tr_500_1st_893.csv,1.00000,1.00000
762_YAHOO_id_212_WebService_tr_500_1st_1055.csv,0.53099,0.99784
780_YAHOO_id_230_Synthetic_tr_500_1st_893.csv,1.00000,1.00000
788_YAHOO_id_238_WebService_tr_500_1st_973.csv,1.00000,1.00000
797_YAHOO_id_247_Synthetic_tr_500_1st_893.csv,0.38948,0.99836
806_YAHOO_id_256_Synthetic_tr_500_1st_893.csv,1.00000,1.00000
807_YAHOO_id_257_WebService_tr_500_1st_1210.csv,0.61902,0.99258
810_Exathlon_id_1_Facility_tr_10766_1st_12590.csv,0.16402,0.54493
811_Exathlon_id_2_Facility_tr_10766_1st_12590.csv,0.68297,0.87077
812_Exathlon_id_3_Facility_tr_10766_1st_12590.csv,0.86207,0.97613
814_Exathlon_id_5_Facility_tr_10766_1st_12590.csv,0.68297,0.87077
815_Exathlon_id_6_Facility_tr_10766_1st_12590.csv,0.86207,0.97613
816_Exathlon_id_7_Facility_tr_10766_1st_12590.csv,0.62790,0.90323
817_Exathlon_id_8_Facility_tr_10766_1st_12590.csv,0.27127,0.65438
818_Exathlon_id_9_Facility_tr_11665_1st_13484.csv,0.79918,0.95795
819_Exathlon_id_10_Facility_tr_10766_1st_12590.csv,0.72352,0.91511
820_Exathlon_id_11_Facility_tr_11665_1st_13484.csv,0.48104,0.88788
821_Exathlon_id_12_Facility_tr_6985_1st_7085.csv,0.11984,0.50246
822_Exathlon_id_13_Facility_tr_10766_1st_12590.csv,0.27127,0.65438
823_Exathlon_id_14_Facility_tr_10766_1st_12590.csv,0.90251,0.96868
824_Exathlon_id_15_Facility_tr_10766_1st_12590.csv,0.47100,0.82480
826_Exathlon_id_17_Facility_tr_11665_1st_13484.csv,0.48104,0.88788
827_Exathlon_id_18_Facility_tr_10766_1st_12590.csv,0.47100,0.82480
828_Exathlon_id_19_Facility_tr_11663_1st_13482.csv,0.34173,0.80764
829_Exathlon_id_20_Facility_tr_10766_1st_12590.csv,0.62790,0.90323
830_Exathlon_id_21_Facility_tr_10766_1st_12590.csv,0.49203,0.79878
831_Exathlon_id_22_Facility_tr_11665_1st_13484.csv,0.48104,0.88788
832_Exathlon_id_23_Facility_tr_10766_1st_12590.csv,0.62790,0.90323
833_Exathlon_id_24_Facility_tr_10766_1st_12590.csv,0.86207,0.97613
834_Exathlon_id_25_Facility_tr_11665_1st_13484.csv,0.48104,0.88788
835_Exathlon_id_26_Facility_tr_10766_1st_12590.csv,0.17045,0.56189
836_Exathlon_id_27_Facility_tr_10766_1st_12590.csv,0.86207,0.97613
837_Exathlon_id_28_Facility_tr_8898_1st_8998.csv,0.08113,0.44525
838_Exathlon_id_29_Facility_tr_10766_1st_12590.csv,0.27127,0.65438
839_Exathlon_id_30_Facility_tr_10766_1st_12590.csv,0.62790,0.90323
840_Exathlon_id_31_Facility_tr_10766_1st_12590.csv,0.47100,0.82480
841_Exathlon_id_32_Facility_tr_11663_1st_13482.csv,0.75570,0.94677
842_OPPORTUNITY_id_1_HumanActivity_tr_7295_1st_27516.csv,0.00776,0.31555
843_OPPORTUNITY_id_2_HumanActivity_tr_808_1st_908.csv,0.09692,0.32879
844_OPPORTUNITY_id_3_HumanActivity_tr_500_1st_566.csv,0.06425,0.54210
845_OPPORTUNITY_id_4_HumanActivity_tr_7295_1st_27516.csv,0.00809,0.36876
846_OPPORTUNITY_id_5_HumanActivity_tr_2085_1st_2185.csv,0.02542,0.32120
847_OPPORTUNITY_id_6_HumanActivity_tr_808_1st_908.csv,0.07443,0.19003
848_OPPORTUNITY_id_7_HumanActivity_tr_1477_1st_1577.csv,0.03072,0.62402
849_OPPORTUNITY_id_8_HumanActivity_tr_1100_1st_1200.csv,0.02096,0.41923
850_OPPORTUNITY_id_9_HumanActivity_tr_895_1st_995.csv,0.03108,0.50097
851_OPPORTUNITY_id_10_HumanActivity_tr_6213_1st_7311.csv,0.02259,0.27104
853_OPPORTUNITY_id_12_HumanActivity_tr_808_1st_908.csv,0.07626,0.17570
854_OPPORTUNITY_id_13_HumanActivity_tr_1477_1st_1577.csv,0.03004,0.58548
855_OPPORTUNITY_id_14_HumanActivity_tr_808_1st_908.csv,0.07897,0.24040
856_OPPORTUNITY_id_15_HumanActivity_tr_808_1st_908.csv,0.07523,0.18599
857_OPPORTUNITY_id_16_HumanActivity_tr_500_1st_566.csv,0.04797,0.34073
858_OPPORTUNITY_id_17_HumanActivity_tr_808_1st_908.csv,0.07718,0.22621
859_OPPORTUNITY_id_18_HumanActivity_tr_895_1st_995.csv,0.02302,0.39765
860_OPPORTUNITY_id_19_HumanActivity_tr_808_1st_908.csv,0.08295,0.28591
861_OPPORTUNITY_id_20_HumanActivity_tr_2085_1st_2185.csv,0.02938,0.41035
862_OPPORTUNITY_id_21_HumanActivity_tr_500_1st_566.csv,0.05642,0.45520
863_OPPORTUNITY_id_22_HumanActivity_tr_808_1st_908.csv,0.08680,0.24186
865_OPPORTUNITY_id_24_HumanActivity_tr_2085_1st_2185.csv,0.03344,0.42299
866_OPPORTUNITY_id_25_HumanActivity_tr_6213_1st_7311.csv,0.02548,0.33810
867_OPPORTUNITY_id_26_HumanActivity_tr_808_1st_908.csv,0.08103,0.24901
868_OPPORTUNITY_id_27_HumanActivity_tr_2085_1st_2185.csv,0.02542,0.32715
869_OPPORTUNITY_id_28_HumanActivity_tr_500_1st_566.csv,0.04501,0.29497
870_OPPORTUNITY_id_29_HumanActivity_tr_1477_1st_1577.csv,0.03716,0.59973
