{
    "m4_yearly": {
        "domain": "Econ/Fin",
        "frequency": "A",
        "num_variates": 1
    },
    "m4_quarterly": {
        "domain": "Econ/Fin",
        "frequency": "Q",
        "num_variates": 1
    },
    "m4_monthly": {
        "domain": "Econ/Fin",
        "frequency": "M",
        "num_variates": 1
    },
    "m4_weekly": {
        "domain": "Econ/Fin",
        "frequency": "W",
        "num_variates": 1
    },
    "m4_daily": {
        "domain": "Econ/Fin",
        "frequency": "D",
        "num_variates": 1
    },
    "m4_hourly": {
        "domain": "Econ/Fin",
        "frequency": "H",
        "num_variates": 1
    },
    "electricity": {
        "domain": "Energy",
        "frequency": "W",
        "num_variates": 1
    },
    "ett1": {
        "domain": "Energy",
        "frequency": "W",
        "num_variates": 7
    },
    "ett2": {
        "domain": "Energy",
        "frequency": "W",
        "num_variates": 7
    },
    "solar": {
        "domain": "Energy",
        "frequency": "W",
        "num_variates": 1
    },
    "hospital": {
        "domain": "Healthcare",
        "frequency": "M",
        "num_variates": 1
    },
    "covid_deaths": {
        "domain": "Healthcare",
        "frequency": "D",
        "num_variates": 1
    },
    "us_births": {
        "domain": "Healthcare",
        "frequency": "M",
        "num_variates": 1
    },
    "saugeen": {
        "domain": "Nature",
        "frequency": "M",
        "num_variates": 1
    },
    "temperature_rain": {
        "domain": "Nature",
        "frequency": "D",
        "num_variates": 1
    },
    "kdd_cup_2018": {
        "domain": "Nature",
        "frequency": "D",
        "num_variates": 1
    },
    "jena_weather": {
        "domain": "Nature",
        "frequency": "D",
        "num_variates": 21
    },
    "car_parts": {
        "domain": "Sales",
        "frequency": "M",
        "num_variates": 1
    },
    "restaurant": {
        "domain": "Sales",
        "frequency": "D",
        "num_variates": 1
    },
    "hierarchical_sales": {
        "domain": "Sales",
        "frequency": "W-WED",
        "num_variates": 1
    },
    "loop_seattle": {
        "domain": "Transport",
        "frequency": "D",
        "num_variates": 1
    },
    "sz_taxi": {
        "domain": "Transport",
        "frequency": "H",
        "num_variates": 1
    },
    "m_dense": {
        "domain": "Transport",
        "frequency": "D",
        "num_variates": 1
    },
    "bitbrains_fast_storage": {
        "domain": "Web/CloudOps",
        "frequency": "H",
        "num_variates": 2
    },
    "bitbrains_rnd": {
        "domain": "Web/CloudOps",
        "frequency": "H",
        "num_variates": 2
    },
    "bizitobs_application": {
        "domain": "Web/CloudOps",
        "frequency": "10S",
        "num_variates": 2
    },
    "bizitobs_service": {
        "domain": "Web/CloudOps",
        "frequency": "10S",
        "num_variates": 2
    },
    "bizitobs_l2c": {
        "domain": "Web/CloudOps",
        "frequency": "H",
        "num_variates": 7
    }
}